{"cameraMode":{"drawMode":0,"name":"Shaded","section":"Shading Mode"},"sceneLighting":true,"audioPlay":false,"sceneViewState":{"showFog":true,"showMaterialUpdate":false,"showSkybox":true,"showFlares":true,"showImageEffects":true,"showParticleSystems":true},"in2DMode":false,"pivot":{"x":-12.750036239624024,"y":-0.6019456386566162,"z":-14.88794231414795},"rotation":{"x":-0.043011367321014407,"y":0.9022547006607056,"z":-0.09263266623020172,"w":-0.41893550753593447},"size":6.607396125793457,"orthographic":false}